Age,Compras,Gasto,Recency,Income
57,25,1617,58,58138
60,6,27,38,46344
49,21,776,26,71613
30,8,53,26,26646
33,19,422,94,58293
47,22,716,16,62513
43,21,590,34,55635
29,10,169,32,33454
40,6,46,19,30351
64,2,49,68,5648
31,4,19,11,51373
38,6,61,59,7500
55,16,1102,82,63033
62,15,310,53,59354
27,5,46,38,17323
68,26,1315,23,82800
34,9,96,51,41850
68,13,317,20,37760
65,26,1782,91,76995
29,8,133,86,33812
32,12,316,41,37040
35,43,1730,42,2447
65,17,972,63,58607
60,20,544,0,65324
63,20,444,69,40689
45,8,75,89,18589
38,14,257,4,53359
28,27,637,19,51373
25,9,131,26,38360
49,26,1672,96,84618
25,8,30,34,10979
51,11,318,56,38620
44,9,120,31,40548
62,17,302,8,46610
68,18,1196,4,68657
63,6,65,55,49389
44,28,913,37,67353
38,9,81,76,23718
41,7,67,99,42429
71,24,902,53,48948
34,21,1395,3,80011
29,7,53,88,20559
57,4,22,4,21994
55,9,186,80,51373
39,8,31,19,7500
38,16,984,72,79941
18,10,122,24,7500
46,5,55,92,41728
63,10,124,96,51373
60,28,1319,39,72550
57,17,507,29,65486
50,29,1693,2,79143
37,7,72,54,35790
37,21,1617,54,82582
36,23,606,57,66373
59,27,1957,55,82384
48,21,1093,30,70287
26,6,29,31,27938
32,7,46,57,51373
46,19,518,63,55954
32,21,1438,12,75777
39,22,612,18,66653
62,24,884,26,61823
63,19,606,8,67680
66,16,1076,29,70666
43,5,34,75,25721
47,4,11,0,32474
35,32,1274,19,88194
56,18,653,4,69096
44,19,1562,90,74854
60,21,1253,1,66991
41,9,109,25,51373
55,30,863,29,65031
39,24,661,88,60631
62,8,65,58,28332
37,4,13,68,40246
42,19,1890,34,75251
38,22,2209,40,75825
38,4,18,12,26326
49,21,692,9,56046
29,12,165,87,29760
45,4,16,5,26304
41,9,79,87,23559
51,11,318,56,38620
27,27,778,18,81361
54,7,56,95,29440
44,13,151,48,36138
57,17,372,3,50388
41,19,1366,70,79593
47,10,194,79,54178
57,29,603,4,51373
57,4,18,45,51373
41,15,985,87,51373
42,5,32,69,42394
44,10,43,84,23626
31,6,45,30,30096
54,22,606,72,47916
42,7,63,37,51813
63,25,978,44,78497
31,16,410,32,50150
54,7,72,0,47823
55,7,55,43,34554
35,27,1169,59,85693
69,16,1120,68,65846
55,20,1097,35,87195
35,5,29,94,24594
50,13,187,15,49096
45,26,910,56,52413
36,9,145,17,38557
54,14,850,18,89058
35,24,969,46,77298
23,17,1820,40,68126
51,20,608,27,57288
23,25,730,95,86037
34,21,551,19,43974
52,8,114,27,50785
44,15,1724,25,90765
36,20,577,74,36550
47,7,81,85,30753
45,7,33,37,21918
61,22,660,65,56129
47,9,80,13,32557
29,6,30,63,19510
38,5,43,83,30992
31,27,1135,69,101970
49,16,559,87,71488
30,16,1923,37,79607
61,8,90,51,54348
53,17,404,23,51373
58,23,661,72,77376
62,19,463,10,62998
56,23,632,42,61331
45,19,725,10,73448
51,19,725,96,51373
50,16,279,51,41551
47,23,1482,21,62981
38,6,29,31,9548
55,9,106,61,33762
41,6,49,37,35860
49,7,38,74,36921
22,22,2077,46,92859
38,17,1053,4,65104
52,23,1385,73,86111
40,25,871,47,68352
26,12,312,13,41883
38,15,877,36,59809
39,6,68,47,23957
33,4,22,49,38547
41,16,211,94,35688
48,8,127,65,49605
61,16,459,59,59354
45,19,460,96,65747
42,17,429,28,46344
26,11,89,12,34176
62,26,1021,57,61010
65,21,1381,10,69372
56,15,306,4,49967
36,4,18,49,60199
37,9,162,3,55375
59,18,1231,64,80317
56,4,13,0,30523
69,27,1706,20,70356
30,11,121,91,23228
39,20,1293,9,74165
41,37,1608,98,157243
48,9,88,83,43482
61,18,421,27,62551
55,12,259,63,52332
26,15,1117,46,66951
57,9,89,84,26091
49,6,36,58,33456
32,7,57,78,28718
44,8,148,4,50447
55,8,93,17,53537
47,7,119,77,52074
39,28,1835,56,80427
66,25,1318,79,83837
44,7,45,90,38853
55,4,10,96,38285
63,25,978,44,78497
38,10,191,81,51650
26,9,57,77,16248
68,24,1033,21,66835
30,6,66,16,30477
53,6,43,80,28249
31,5,50,45,25271
44,7,39,63,32303
48,18,608,34,61286
38,24,1581,14,74068
50,7,68,13,45759
36,5,80,52,24882
25,28,1282,98,66973
26,8,91,93,38872
41,16,315,38,51148
37,6,31,24,31353
34,23,834,80,69661
60,17,1600,82,80067
60,17,1270,20,86718
41,15,263,81,46854
62,19,535,50,69142
46,18,1295,60,75922
36,29,1150,63,63693
37,26,1240,54,102160
49,6,38,72,40637
30,4,35,5,18890
26,5,53,88,29604
51,17,293,50,48721
48,6,65,99,44794
60,29,1804,17,64497
58,15,241,11,46097
60,20,1101,18,77972
46,19,264,70,44377
40,26,541,21,46014
29,17,1198,66,70951
37,20,482,79,41443
36,4,17,2,52195
66,25,1615,81,83790
60,12,285,24,44551
34,28,1135,48,69508
26,7,114,93,45204
45,16,1047,56,72460
44,22,714,3,77622
34,13,185,44,30732
52,32,1245,38,63887
36,12,189,46,42011
38,16,576,84,51369
62,18,1103,27,51537
42,17,1753,72,79930
28,4,17,66,34320
48,23,433,30,37070
52,14,1588,2,81975
43,4,22,65,38590
63,5,19,37,15033
49,29,1117,89,62745
39,8,69,49,22212
32,5,23,46,23661
56,19,605,32,79761
41,11,57,54,7500
46,22,2088,98,73455
56,16,1009,97,64961
43,5,26,75,22804
24,22,1627,8,73687
56,31,1102,37,61074
50,6,17,31,31686
42,16,1690,40,80134
61,21,1390,74,75027
26,20,2126,90,67546
45,25,1531,57,65176
39,7,64,59,31160
29,6,26,52,29938
40,29,1112,5,102692
56,11,210,92,26490
47,26,1148,77,75702
40,6,33,35,30899
53,19,1101,48,63342
50,16,322,97,45989
50,10,44,95,18701
57,4,17,24,40737
35,6,31,60,15287
46,25,845,46,69674
44,15,275,85,44159
36,4,25,31,37717
62,17,275,9,43776
48,11,90,30,38179
51,19,1495,47,80124
44,11,184,70,38097
44,13,981,13,72940
44,8,67,11,22070
61,14,1635,31,69267
31,10,60,15,31788
39,12,231,2,61905
54,10,48,55,29315
51,9,99,38,33378
51,23,770,86,66313
58,23,957,56,60714
33,12,818,29,77882
28,17,925,30,69867
46,22,908,64,63841
33,10,102,46,24480
38,16,576,84,51369
68,13,317,20,37760
40,15,461,74,65640
39,7,37,18,44319
40,7,70,75,30631
62,23,930,17,75278
58,33,859,88,50898
48,22,1478,19,79946
65,16,390,62,35416
30,5,52,11,32414
45,10,137,74,38361
34,19,1919,32,82497
43,9,68,76,16626
49,4,25,6,29672
62,23,1374,62,55951
26,5,32,20,35388
28,7,100,43,42386
32,12,825,45,68627
49,28,916,34,57912
56,11,62,53,35246
58,21,728,44,58821
36,7,90,89,46377
26,13,273,43,39747
30,10,66,68,23976
53,23,1213,44,80950
48,7,107,64,27038
67,18,1157,85,77457
50,18,546,93,64100
22,11,241,12,42670
38,11,53,86,12571
47,7,37,28,22574
25,24,1611,69,51373
38,23,1508,42,70893
48,16,235,13,54198
58,7,32,86,28839
42,8,102,59,40321
29,15,401,30,66503
63,6,28,33,30833
44,21,1052,67,51373
43,21,680,23,64795
40,4,30,81,34421
49,4,20,6,47025
53,23,1307,41,64325
61,24,630,78,40464
57,18,1283,49,62187
38,9,65,39,14849
30,5,37,3,27255
64,5,38,37,54432
28,12,160,22,29999
31,4,23,79,24072
25,6,71,46,33996
58,19,1161,82,66334
43,5,59,10,35178
31,7,33,51,22010
54,22,946,38,62204
46,22,1442,10,75693
42,5,62,14,30675
49,22,1674,18,83003
26,21,1538,95,68655
28,8,139,11,41411
45,20,1182,65,55212
64,18,507,71,59292
41,4,18,13,27190
62,16,940,58,82623
49,6,42,65,44300
44,15,1190,0,84835
43,8,44,33,30372
38,4,16,90,33181
57,26,835,95,71113
28,22,1443,93,71952
48,18,1029,38,69759
40,18,1188,18,72099
38,24,1277,57,60000
36,7,49,45,38643
59,7,99,61,50737
45,15,1670,6,68462
71,14,900,65,65073
66,16,425,52,46681
57,22,2153,87,78618
45,21,636,38,62187
36,10,57,53,28442
36,4,25,31,37717
47,22,494,67,51479
45,19,693,65,54803
54,26,1348,64,79530
38,7,51,82,31615
52,16,1932,27,72025
39,16,990,63,52614
30,5,30,66,35684
39,16,254,69,48178
44,5,29,52,29548
48,23,1371,45,63810
42,9,73,2,38578
39,11,120,86,46098
44,5,81,23,22585
25,5,37,13,30279
53,20,1377,14,66426
45,5,51,92,30822
45,4,17,38,33581
29,4,22,74,19986
60,14,324,14,27421
41,16,211,94,35688
33,4,19,33,36143
43,8,41,32,10245
46,17,492,11,43795
54,26,1005,78,63381
65,7,114,56,38823
46,19,1173,57,83664
35,19,1738,7,90300
35,12,222,0,62499
21,16,1127,66,74293
68,10,209,86,51012
46,23,787,80,70777
23,24,1598,56,68682
43,12,186,18,43824
30,6,47,51,15345
27,5,27,71,23442
34,11,96,71,14515
58,10,64,80,31395
49,23,1040,2,75276
40,13,163,83,42373
54,11,343,29,30507
59,24,446,11,55521
49,5,41,55,48006
42,9,70,19,27213
43,14,272,1,65808
40,6,46,19,30351
51,19,490,28,50437
32,8,79,76,23616
38,17,915,50,53858
59,35,1485,1,66465
27,16,369,90,46923
52,19,1073,83,75072
71,19,1242,73,75865
39,9,78,24,19789
20,21,1378,11,80134
33,26,1474,33,91065
43,29,751,4,49505
41,7,48,14,37401
31,6,45,30,30096
32,4,10,75,18492
40,16,1435,26,82584
73,22,2119,77,93027
61,4,20,8,48686
28,27,1795,42,92910
25,19,1188,28,75433
25,7,43,52,10404
46,24,1008,1,61314
53,16,1688,1,84865
25,21,684,42,42387
47,39,1082,76,67309
50,25,1068,27,75236
44,7,57,28,30015
58,5,46,49,50943
48,23,733,12,67272
65,17,467,14,51529
43,10,122,89,32011
28,7,36,96,7500
25,5,34,56,28691
66,10,156,72,56223
68,4,14,14,18100
25,5,37,13,30279
40,5,34,99,20130
55,4,20,72,23295
42,11,192,92,42618
50,17,1379,87,81246
38,7,48,7,24027
61,16,428,91,55707
59,27,868,71,57959
45,27,1001,24,56796
43,7,59,17,36230
34,16,431,87,70829
38,27,971,21,65991
42,19,348,90,38988
48,24,2059,44,89572
30,14,265,71,42207
62,13,270,52,50300
32,19,1289,78,66664
50,16,893,2,60597
65,22,926,60,70165
56,9,135,25,50520
51,19,1495,47,80124
39,9,120,46,33183
45,20,1288,83,66582
59,17,1743,17,75261
44,4,15,13,31880
63,20,542,86,53790
43,25,890,92,49269
39,33,1388,47,61456
34,4,17,18,37406
33,30,906,81,56937
36,6,44,91,38415
26,5,25,58,20518
58,26,973,40,62503
42,6,31,67,41644
37,17,518,19,55842
42,19,530,93,62010
37,21,506,41,41124
41,6,70,60,38961
42,6,54,54,37760
40,12,296,26,32233
39,15,266,30,43057
54,19,747,93,83151
50,29,895,35,78825
38,17,1053,4,65104
40,21,735,92,60093
45,5,20,24,14045
62,10,205,96,28457
56,21,2092,11,78952
38,14,309,99,46310
59,22,1722,72,76005
50,15,900,77,58308
70,20,682,85,55614
52,22,663,88,59432
36,6,43,22,55563
43,18,1816,83,78642
65,27,976,63,67911
70,21,746,9,65275
64,6,64,92,27203
53,5,32,2,48330
24,9,263,6,24279
29,21,1445,66,64355
58,5,46,49,50943
61,28,1210,29,53653
38,24,945,77,65665
25,22,1157,77,81217
22,8,137,71,34935
55,25,730,49,61250
33,12,216,97,39665
35,23,943,6,60152
50,16,347,93,48920
55,19,1924,78,89120
68,17,397,62,44124
39,22,2089,47,81169
53,11,138,9,36443
24,5,42,77,26095
55,17,777,24,71367
70,20,1902,19,80184
49,7,52,67,30630
27,13,1651,95,73454
23,13,358,48,42691
61,16,1727,73,70503
27,10,210,35,25545
28,5,42,76,32880
56,20,1291,20,77863
37,15,442,72,50353
50,17,1895,20,61839
54,19,411,69,49154
39,19,521,80,47682
45,17,1168,65,72679
37,23,493,52,57954
52,12,260,65,65316
32,7,46,57,28567
63,16,319,70,47352
47,7,96,0,44931
47,16,1062,19,76982
62,12,232,50,57247
33,9,76,67,22944
37,9,54,46,25315
45,11,201,37,43638
30,14,406,38,42710
32,20,1919,9,84169
38,20,662,56,54058
24,8,41,98,24683
50,14,1600,68,85620
34,8,134,72,47850
46,10,69,47,19514
41,6,21,33,27159
51,7,54,87,39548
25,8,91,0,21474
43,18,526,73,60504
51,8,162,74,22419
65,25,1008,4,81698
62,16,240,50,43462
36,21,795,57,54880
32,19,1772,30,79908
44,8,64,27,15315
55,20,1957,61,87771
36,7,78,4,33039
34,19,1572,75,81741
43,26,795,12,71499
44,26,889,13,62466
51,15,331,9,48799
64,12,265,48,52157
52,19,1065,80,66565
63,4,11,60,29298
35,4,21,43,47691
44,4,17,19,38200
40,16,369,26,44989
46,6,38,58,38443
36,11,177,42,38593
44,12,279,27,64413
33,7,62,56,36959
37,21,1230,27,61996
46,11,182,10,51287
44,10,49,48,13260
48,8,75,39,47472
58,16,227,85,54603
40,15,215,64,45207
63,20,444,69,40689
47,5,47,54,47821
63,7,143,57,27450
31,7,55,64,39453
43,11,63,10,26850
59,22,1867,65,79800
53,20,611,74,61794
59,18,473,4,53863
55,6,55,94,24221
30,7,81,41,39684
39,21,2086,25,92163
49,20,1478,94,69882
37,5,49,9,33178
42,15,382,47,59973
39,9,69,12,17459
45,6,67,80,23910
45,6,30,20,42169
36,9,63,39,26224
33,10,79,57,31089
53,5,42,27,30081
54,23,819,83,62807
59,17,1151,79,72906
66,20,594,69,61467
48,11,129,77,49618
28,12,213,15,21888
41,7,67,99,42429
58,5,28,61,26150
39,6,45,23,30801
49,18,1193,84,81168
45,12,268,74,26877
70,12,266,90,45006
41,5,37,41,18978
47,7,37,28,22574
45,25,882,73,48240
40,18,373,88,45837
49,6,35,94,35791
38,1,107,31,162397
36,5,42,31,54162
54,17,326,6,30522
53,17,404,23,54456
43,6,95,92,31632
65,14,939,52,72298
36,5,33,50,36975
59,21,981,54,72635
38,7,36,93,13624
39,20,1237,56,84196
54,34,1825,28,70971
37,9,103,94,34487
37,12,191,76,28769
44,25,1586,43,69084
56,14,963,46,65488
44,26,889,13,62466
54,7,93,27,32218
41,21,1587,12,83917
52,4,16,3,46102
62,32,1375,72,84574
52,14,393,6,56181
64,26,1477,53,63120
43,18,1179,58,73691
54,26,1005,78,63381
66,21,1348,57,76140
55,23,1307,37,62859
50,15,486,20,45906
67,13,2252,73,77632
43,17,235,56,46463
44,30,1724,36,105471
44,11,235,9,55282
37,28,1092,42,78710
56,17,599,28,66886
54,19,2008,23,98777
29,6,48,38,29103
40,32,1174,63,67445
64,7,67,71,50616
59,15,365,9,49431
39,0,6,81,153924
61,10,165,87,61278
56,11,210,92,26490
67,26,1095,36,73059
48,12,223,86,46734
51,22,597,83,56253
29,4,22,74,19986
39,24,1064,87,58330
34,6,74,29,25965
58,5,26,88,14661
55,5,60,77,18690
40,4,20,25,45068
27,7,59,34,21063
46,5,34,43,29187
43,12,198,76,54690
50,28,1048,81,59304
52,21,574,87,59247
44,17,1029,33,66731
34,20,670,38,77353
39,16,990,63,52614
40,4,11,26,26751
51,21,1241,17,81300
35,17,576,75,70337
29,12,172,13,36145
34,20,664,19,65295
51,23,928,51,68118
47,30,2074,81,68743
32,15,467,32,41039
59,12,257,84,38946
47,17,1146,87,65777
38,20,689,99,66476
42,22,2114,96,86857
32,44,1717,21,160803
25,21,1346,40,77845
45,15,1044,3,69476
54,22,493,98,50611
44,13,957,73,61209
56,12,270,90,42315
62,5,29,29,13084
65,9,121,3,47570
53,8,126,94,61923
19,4,23,65,34824
65,8,57,33,26518
53,20,636,46,45938
54,28,1004,29,78468
41,20,734,99,78901
36,20,614,26,71427
36,21,1453,30,71022
26,15,1621,27,90247
46,12,187,24,41335
28,22,1443,93,71952
44,6,57,34,35682
63,20,637,88,43185
66,14,948,96,66375
43,5,59,10,35178
28,4,18,26,25252
49,26,903,49,55250
39,8,112,11,33249
61,20,596,44,58398
32,13,233,75,50272
39,11,1511,64,76618
54,17,1152,19,87305
36,7,48,45,25851
44,31,1185,77,58710
56,4,21,9,45160
49,16,965,1,74806
60,21,869,90,59111
30,6,16,43,18988
49,16,1947,79,72190
38,12,71,19,7500
48,6,65,99,44794
59,24,1380,62,80395
38,23,1027,41,75012
49,21,411,60,56962
23,26,836,17,89891
65,4,11,24,35946
61,23,480,60,53593
36,23,606,57,66373
66,16,284,74,45072
41,14,1472,22,89694
65,26,1677,46,72025
41,19,1335,69,67432
62,13,334,29,70545
25,4,18,37,17487
45,20,1338,26,62882
61,30,1099,8,64108
58,8,97,26,34941
64,9,63,79,48767
36,9,109,71,38702
50,21,902,83,82224
62,20,1574,57,83844
39,9,38,37,17003
19,24,960,30,71163
44,4,28,34,33697
60,28,1215,0,63564
42,22,1497,89,83443
56,17,449,92,51518
39,24,1064,87,58330
45,25,1757,20,80952
35,21,1440,56,75507
36,24,1006,28,63855
42,23,1226,55,62220
50,20,1171,25,58512
35,8,92,0,40662
55,8,99,86,38829
33,8,66,8,35523
47,19,564,33,79146
26,21,1427,13,78285
36,6,86,12,31626
62,19,833,92,75127
59,12,242,90,48726
37,17,1869,8,74985
27,29,1364,6,67430
49,8,183,91,46891
58,18,450,52,62058
35,21,758,3,72063
63,20,1507,57,78939
49,25,654,9,42720
42,9,81,22,33622
57,1,137,76,6835
61,4,16,86,41452
49,8,93,64,40760
56,18,1158,90,74250
59,6,43,79,51124
43,22,1525,28,72258
40,19,1230,86,71466
38,6,29,42,36283
44,5,25,39,20587
42,4,24,8,30467
42,5,38,40,31590
28,7,57,5,20425
54,12,47,96,17144
46,24,813,28,42564
36,22,629,22,43783
38,17,377,30,40780
69,14,1612,45,62847
57,17,729,58,82017
64,6,50,49,16813
36,15,270,37,51267
53,9,177,70,46524
52,13,315,33,45183
60,23,767,98,70421
49,26,1071,17,60161
41,24,1580,54,73926
46,10,60,39,19329
44,21,573,81,61872
58,5,41,71,46984
63,10,170,62,34838
70,28,1167,8,82716
56,25,1526,76,48192
38,21,458,66,49681
43,6,63,83,56850
57,17,405,28,55267
42,20,1027,87,59666
42,22,1478,43,72504
33,5,72,0,26872
42,7,48,1,21359
39,16,726,1,73170
59,27,860,72,52750
28,22,1497,72,91820
44,18,495,12,65968
38,4,20,89,30772
60,19,570,67,22507
42,21,769,54,65685
36,7,55,34,25804
34,18,1808,15,76412
42,7,55,43,22063
53,18,577,0,57091
51,8,162,74,22419
55,20,1957,61,87771
55,24,1576,51,78353
60,17,1616,97,93404
52,6,36,75,37859
56,22,1482,83,80995
30,5,22,23,16529
38,6,63,65,55412
22,18,680,94,48789
47,20,542,42,56575
34,7,50,10,25130
47,6,39,94,35441
58,28,1043,50,71391
42,14,385,46,49494
34,27,1633,98,81702
34,5,46,42,45889
37,20,761,30,56628
64,9,76,11,34026
40,14,290,61,40049
26,11,89,12,34176
33,11,70,76,19419
54,17,1066,2,82504
44,19,2009,43,81205
23,19,1345,27,61618
58,23,764,60,55284
51,11,195,79,49980
34,11,53,96,15072
40,13,368,17,49166
60,20,544,0,65324
57,25,1853,38,82347
48,6,35,43,30843
40,18,446,1,46374
35,31,1180,25,60474
41,5,41,2,38576
29,22,727,66,55357
48,6,40,49,37758
25,26,1062,5,85710
45,7,40,71,23228
45,17,292,35,44602
27,4,15,94,7500
25,17,341,80,38683
39,13,369,61,49514
41,17,401,29,57906
48,17,393,0,43456
28,4,10,80,19485
36,16,486,54,53172
35,7,69,71,30545
31,17,1727,27,70123
55,16,995,61,62450
38,10,45,55,21675
33,12,182,35,42395
36,23,989,34,61346
61,18,1677,95,80812
43,23,595,64,42835
31,9,156,30,39922
58,28,1226,12,86424
36,11,128,96,17117
42,9,86,16,24762
39,7,68,16,35797
39,4,16,78,36627
33,7,55,83,51111
42,22,2114,96,86857
44,19,2018,67,82072
61,15,263,87,46231
55,7,55,34,42243
52,24,564,46,51195
36,20,1281,7,68092
41,7,83,73,31814
49,18,353,54,51390
31,25,1003,93,76630
23,4,14,52,26868
71,24,902,53,48948
42,25,1139,81,55260
58,20,797,8,64090
56,25,1638,97,78331
40,17,401,50,37087
28,11,84,38,21846
56,18,928,61,81320
44,11,203,46,54137
47,16,858,73,66825
41,13,409,19,57100
45,16,282,10,58917
37,18,1423,94,85072
53,18,1449,10,86429
43,4,28,37,45684
40,6,67,94,47889
28,10,199,23,45921
48,22,1453,75,78420
22,19,1253,40,75114
51,31,1198,24,52278
42,10,178,11,35641
20,18,1990,29,95529
60,14,976,51,62820
54,15,1001,86,73113
32,20,1919,9,84169
60,14,350,30,42607
60,25,1650,73,74637
59,5,46,25,46015
21,19,1228,67,72354
45,7,95,67,39858
66,9,62,58,34469
28,26,1761,82,83033
35,16,467,98,24401
36,19,1149,93,77583
32,19,2052,53,74116
21,16,1127,66,74293
38,21,1416,6,68397
40,20,1113,42,79632
25,7,125,78,46107
63,25,966,29,64950
25,5,32,82,25443
62,19,833,92,75127
43,8,46,78,32892
43,17,960,54,71796
44,30,1829,45,67536
43,26,779,59,55239
39,23,811,8,60554
62,22,1120,51,64831
52,20,725,51,56067
31,12,1187,76,82025
61,18,2302,62,94384
28,9,66,86,14906
27,19,1250,60,51563
32,20,683,56,57937
35,13,305,83,68274
37,6,50,92,39771
39,16,995,31,67893
35,6,41,80,27922
38,9,77,39,52190
41,12,171,20,44051
43,7,131,53,42767
38,5,54,84,46106
38,12,53,50,16927
49,16,475,96,59754
62,22,694,94,53700
41,8,96,25,59041
57,16,361,48,54237
47,26,1079,65,70647
52,20,578,69,52597
45,7,64,12,41021
39,13,149,84,40233
34,17,231,47,50183
55,21,728,87,54753
41,23,1778,35,92955
41,10,93,47,33471
40,4,23,48,34596
34,24,662,46,44010
26,18,1198,27,84219
46,11,81,37,40706
26,10,92,8,15716
55,18,491,29,59052
43,24,1564,85,80573
52,24,926,2,83715
55,19,1910,66,82576
49,21,411,60,56962
62,9,94,54,35704
60,28,1085,70,53103
54,4,23,55,46779
49,0,6,20,4861
35,6,54,78,33462
36,29,1150,63,63693
64,23,1415,17,80763
40,16,405,43,65352
36,19,1908,13,82170
45,26,2486,46,75759
38,27,1315,65,79689
58,7,45,1,35340
60,17,1789,6,85683
42,4,19,32,24884
33,22,573,34,42021
25,24,805,70,64449
60,8,108,49,64587
19,4,23,65,34824
36,23,1493,25,75437
57,9,89,84,26091
41,25,936,7,52845
58,16,343,34,46086
58,20,528,38,78028
27,12,1901,1,95169
33,22,724,25,56337
27,7,58,25,22434
60,16,297,50,36930
60,21,488,46,36130
61,23,859,96,65569
62,20,1574,57,83844
46,10,69,47,19514
51,4,17,52,36736
35,21,2194,30,77568
38,8,116,63,49187
36,18,279,51,30168
46,7,103,14,34053
43,9,44,20,38196
63,15,406,56,59412
49,20,1363,41,70924
45,11,236,72,54165
41,5,39,1,32300
38,8,137,27,20180
41,10,79,77,34961
40,6,63,87,28440
61,25,1314,81,64504
48,6,71,51,33564
36,7,58,79,17345
47,21,702,11,56320
36,7,94,54,28647
27,7,80,93,15038
56,5,22,0,32173
50,32,1211,54,68316
43,22,1461,21,74538
43,20,1968,58,91700
45,16,1091,3,68695
37,5,55,99,31056
41,19,1366,70,79593
34,13,313,65,28071
56,11,62,44,37334
42,9,92,6,46423
43,6,72,9,37126
61,21,655,95,47703
55,18,704,70,61180
60,8,54,92,38998
23,16,178,62,8028
52,14,1033,85,76081
28,5,36,2,34728
49,10,122,0,33168
48,7,122,91,33585
54,27,1123,3,77037
30,18,497,68,35196
48,25,691,98,44529
49,20,1363,41,70924
48,4,12,16,28764
65,25,2440,82,69098
44,7,56,1,25959
31,5,37,64,27100
29,21,968,68,70596
40,15,270,98,42557
63,12,278,32,53312
62,22,1250,87,72228
27,17,938,84,67605
65,28,1178,3,62845
56,26,1155,34,65196
27,20,653,23,42000
41,6,49,37,35860
50,17,506,22,65526
53,8,38,19,16860
22,23,1650,7,83528
49,33,1826,52,64176
58,4,18,91,22304
36,24,906,93,67023
43,8,46,78,32892
48,25,1477,23,70713
59,23,766,83,59925
61,7,47,92,39722
56,14,467,4,46610
53,21,2116,32,88347
33,25,1298,27,87171
38,6,22,10,26907
46,15,396,9,50014
36,4,20,65,41014
49,13,967,68,66294
43,19,357,16,36715
58,16,1401,12,79456
32,4,15,95,40479
44,20,2087,16,75345
37,26,981,46,54233
44,6,17,3,24163
56,22,523,80,84460
31,4,23,77,43776
56,17,1192,0,71691
41,20,1958,62,85844
40,9,133,91,39190
55,17,777,24,71367
42,9,73,2,38578
49,10,121,22,57236
35,15,424,56,61825
56,13,868,54,79803
28,15,756,71,80910
32,4,12,38,27590
35,25,937,62,56775
39,17,1862,78,83829
35,14,367,18,54210
28,20,443,95,38508
44,13,267,66,53187
42,6,61,28,30023
54,21,1323,78,76045
62,6,63,13,50870
44,8,64,27,15315
40,19,562,17,65463
49,19,312,71,66480
60,16,1156,79,76773
31,16,1104,1,81698
41,4,16,78,54466
54,19,2008,23,98777
30,9,44,75,16269
43,14,1574,70,71819
31,5,63,10,33569
31,12,426,24,36262
48,6,96,47,22634
36,23,635,98,47025
46,22,757,4,70566
35,9,125,15,31605
41,16,332,67,52034
35,8,135,32,48526
60,14,330,40,46734
52,20,384,54,39552
48,18,1722,78,86358
37,7,78,94,46931
29,4,24,51,16581
62,25,1168,42,63998
63,17,957,67,67381
47,4,15,87,25930
36,5,57,29,42693
38,24,1956,89,85606
29,21,2013,74,72903
40,14,326,97,49669
46,9,77,63,36778
52,20,1313,88,85696
25,8,30,34,10979
53,14,315,81,49678
61,22,660,65,56129
25,7,74,51,37155
36,7,46,76,21282
52,8,86,76,33419
69,25,1103,84,63285
40,11,61,56,21255
33,9,145,31,42162
58,31,684,0,54450
60,16,411,91,57744
28,4,27,40,26576
71,27,1060,59,57513
50,24,1459,96,68142
35,4,18,61,7500
40,26,1833,14,83145
54,12,237,16,54197
51,10,48,98,23091
38,26,515,11,46049
40,15,1020,52,56715
53,11,1370,19,79410
63,25,1026,61,57304
49,12,301,73,44375
58,31,684,0,54450
49,17,499,74,59594
20,21,1004,55,80685
40,12,218,48,40344
42,22,606,53,62710
46,6,75,13,48985
46,9,106,34,35322
66,17,990,54,77142
45,16,1097,69,81657
18,4,16,81,14421
40,5,34,99,20130
24,16,1711,3,74214
57,17,438,61,66726
35,7,75,65,23724
54,13,225,93,47353
62,4,18,24,33444
33,17,470,8,54386
33,9,91,72,28510
23,18,2525,29,90638
64,19,504,33,48070
57,11,235,68,43140
53,21,1232,55,54959
56,12,88,76,15056
43,4,17,17,26954
29,5,24,94,22327
49,7,60,86,44393
62,26,1020,25,62000
52,10,155,22,31497
40,5,51,15,45894
44,16,1812,35,78579
45,25,1461,81,67369
54,6,96,55,58401
62,9,160,94,62307
45,10,139,50,43641
46,22,908,64,63841
49,8,183,91,46891
45,19,1161,11,70091
42,14,988,72,78075
53,27,1072,6,59184
37,12,174,0,54809
55,22,758,66,58113
56,11,195,42,51412
35,6,31,60,15287
57,17,1084,64,66636
58,22,685,87,50965
49,26,1672,96,84618
24,6,43,1,18351
57,5,49,54,40451
49,9,133,53,36317
57,15,363,96,42213
59,18,545,58,65748
42,31,1065,12,77044
45,21,2047,78,74918
42,15,296,64,56721
39,11,140,26,42160
49,17,530,8,61559
51,13,152,49,33629
23,24,1598,56,68682
51,8,114,55,34377
28,10,101,25,8940
41,4,25,50,26228
57,22,789,84,77297
33,7,87,30,40211
56,11,90,81,33438
55,20,1215,74,75032
59,22,811,76,61284
28,7,61,36,22518
39,18,405,64,54730
59,9,72,62,38452
43,14,189,53,44421
28,5,40,86,38197
36,10,63,15,41986
31,7,52,67,28427
38,5,39,47,37395
43,25,805,47,64722
58,8,130,81,55249
42,24,1631,98,84906
25,5,34,56,28691
62,12,152,48,44213
30,5,21,18,25707
47,7,71,74,59062
52,23,899,68,76624
67,10,711,36,66000
36,16,351,90,27683
43,15,8,65,1730
22,11,119,63,7500
46,4,21,82,40521
41,4,10,63,20427
39,27,973,55,65106
49,13,1536,64,69969
62,28,992,51,67433
47,34,1529,97,77766
42,17,860,92,74716
51,23,928,51,68118
44,18,418,72,55158
59,16,587,39,62972
39,19,641,49,74190
38,4,23,21,39356
45,23,2279,91,76653
41,6,49,37,35860
31,17,1779,98,90687
32,27,1804,85,73450
54,8,48,40,31454
62,7,83,2,47139
39,17,1862,78,83829
51,29,793,41,53378
44,9,84,94,19656
66,10,183,10,45579
56,19,1383,73,85485
70,16,999,22,55956
51,24,825,30,64191
42,14,246,21,38808
48,25,610,51,57183
46,9,76,97,23748
43,22,1286,56,66303
39,4,30,4,37368
50,8,99,77,40800
36,22,1192,95,71847
39,18,362,36,46149
31,19,2130,13,78687
43,28,1229,90,49118
57,6,38,49,37633
63,17,485,18,39767
63,13,434,89,26997
44,5,44,43,33986
42,18,496,82,57091
45,7,78,84,46831
42,23,2346,80,83151
43,21,794,68,52531
58,4,17,12,15759
43,5,26,75,22804
41,8,76,10,43050
37,4,15,91,42997
51,7,62,21,48918
60,10,198,28,60033
36,5,49,97,34043
48,25,802,49,57811
68,15,1736,14,78569
36,10,57,5,7500
43,2,59,37,157733
61,18,2302,62,94384
29,6,37,83,23148
44,16,310,48,44267
35,19,1305,94,71626
48,26,832,61,60894
38,19,401,70,50200
49,23,1501,43,81051
32,28,1189,23,65169
42,32,1194,37,59868
54,21,656,50,65695
58,23,1540,78,64857
49,15,311,74,45143
59,26,820,14,74805
25,14,274,77,59060
52,9,57,39,27238
49,17,448,89,47009
41,5,44,62,46094
42,8,102,59,40321
30,5,61,68,37235
54,27,1643,13,81843
56,15,397,37,46692
46,26,1121,36,77382
37,16,473,28,37774
40,8,50,2,18393
52,28,1678,17,72828
32,7,58,86,24711
39,9,170,54,45503
32,2,373,2,6560
69,17,1196,3,71604
35,8,101,84,27244
45,17,316,8,48752
52,21,1400,4,71434
66,27,1424,57,90842
36,20,844,24,88097
39,13,311,51,51948
32,17,1149,29,71853
31,8,129,13,35876
62,5,32,23,40049
32,14,299,36,39660
52,13,320,88,50127
37,16,441,2,43263
65,28,1178,3,62845
24,6,85,15,18929
32,4,24,58,24367
39,8,112,11,33249
55,5,30,27,26887
31,16,410,32,50150
38,24,800,12,62061
52,20,1313,88,85696
58,23,1483,91,76542
21,17,1258,12,70515
27,4,28,21,18227
49,11,227,23,69139
32,20,1555,10,69109
52,23,861,35,69627
36,8,103,69,38136
68,19,634,68,62159
51,19,1918,85,80695
43,10,131,34,33316
46,22,586,55,58554
22,7,62,10,17256
40,22,447,30,53034
64,27,939,36,52203
37,15,797,14,59601
56,16,1143,79,75154
38,17,415,52,47025
41,5,30,97,37971
46,12,187,24,41335
56,11,251,0,67267
39,12,237,96,57338
54,8,91,89,50523
49,6,35,94,35791
54,22,493,98,50611
45,28,971,72,56242
54,17,371,1,48904
39,20,396,26,56243
29,7,68,5,21355
43,15,322,22,57420
44,14,317,39,51373
59,10,222,56,46390
58,12,177,74,54342
56,5,45,87,51373
50,4,21,49,51373
41,6,45,24,20895
66,20,1899,9,92344
42,5,42,17,51373
38,6,22,10,26907
34,5,41,35,44964
35,21,1440,56,75507
42,17,325,7,53761
41,10,95,51,22682
42,5,42,17,38887
39,6,72,30,41658
42,7,20,21,29791
58,23,789,2,63915
40,4,15,85,39996
42,8,59,65,26759
46,22,908,64,63841
45,14,417,11,51039
53,15,289,92,60544
42,21,769,54,65685
61,10,188,4,37716
57,14,354,53,36864
44,26,727,39,44511
47,11,146,49,36947
63,16,319,70,47352
61,22,794,40,67087
64,18,454,40,57045
61,11,152,43,36957
37,22,797,17,69389
42,16,1690,40,80134
45,4,20,84,43142
70,21,1428,25,80589
24,11,209,62,34412
35,19,545,83,57537
48,6,96,47,22634
66,10,222,45,51315
42,7,61,34,36026
41,9,44,3,24639
42,4,8,1,34578
42,23,817,18,65704
48,23,1371,45,63810
45,5,42,81,54132
55,5,60,77,18690
44,9,78,23,28164
40,4,23,48,34596
42,4,19,61,43269
56,7,61,60,38741
42,14,449,75,31907
31,5,37,64,27100
41,5,38,54,31163
29,23,1131,84,92533
41,7,34,75,34853
47,17,294,16,70844
35,6,48,79,31086
53,15,289,92,60544
28,4,30,16,20491
50,7,125,96,42523
31,9,156,30,39922
62,9,70,60,33402
65,4,22,11,36408
35,9,65,75,21645
66,23,1930,36,78427
68,23,2283,71,82657
56,13,310,88,51876
43,18,1319,93,78041
57,26,879,93,52852
32,17,1244,54,70038
41,17,690,41,69401
42,12,209,46,46053
49,17,1134,28,77343
61,23,1507,40,73892
47,6,57,82,40304
49,17,529,38,32727
45,16,1091,3,68695
43,11,180,87,43300
42,10,77,49,26290
44,25,2349,16,93790
40,18,534,65,38410
64,21,556,9,64866
55,25,637,24,57957
59,5,46,25,46015
36,9,44,43,16531
28,5,47,10,28072
51,22,795,29,49476
61,21,586,45,50725
62,20,1574,57,83844
64,4,13,20,41145
44,25,1471,29,67419
44,8,65,82,23162
37,12,175,68,34380
48,5,40,65,34704
45,18,1078,99,94871
56,21,1115,9,65148
60,9,134,20,39898
58,23,1540,78,64857
44,7,87,26,59892
27,10,217,68,41020
53,27,1034,79,57072
35,31,1180,25,60474
54,23,819,83,62807
33,5,32,32,19414
34,6,46,49,19107
38,18,1159,50,75484
38,25,860,84,70379
44,15,1631,96,79419
68,22,444,56,64014
59,29,1910,85,76998
42,18,380,63,49854
43,30,736,17,60585
64,15,269,11,42873
26,29,2524,62,87679
36,25,612,48,57867
24,8,75,86,35765
55,26,1045,73,65492
37,6,55,36,32952
45,21,1064,34,53374
55,25,1443,16,71706
26,30,1366,48,68487
39,19,436,61,53253
41,5,38,54,31163
37,20,436,56,42014
41,32,747,74,54108
59,22,1396,35,49667
40,14,928,65,63206
42,26,642,48,57136
39,30,1048,88,46772
43,24,943,19,78931
56,27,907,21,53977
26,18,1198,27,84219
39,11,120,86,46098
49,26,1658,92,73538
28,22,1638,1,79529
37,7,73,14,20981
34,12,275,74,51766
52,26,854,84,55759
36,7,78,4,33039
42,7,106,50,37787
44,7,106,2,27242
31,19,1923,73,87188
43,22,1662,21,69930
38,7,84,82,37697
41,7,48,14,37401
41,0,5,56,3502
38,32,733,20,58597
66,17,1234,54,82032
56,9,112,77,28087
27,15,1658,5,74004
54,7,55,65,19740
39,26,1513,33,57036
56,17,271,65,53083
39,27,904,41,69283
39,11,120,86,46098
26,8,103,92,23331
26,17,269,97,23331
25,5,22,91,9255
55,16,1156,0,67786
43,19,1086,59,71969
47,28,1128,4,59235
25,9,72,5,31928
53,27,964,48,74881
36,20,1383,99,65819
61,4,18,81,51411
50,24,793,95,51983
28,7,100,43,42386
27,6,80,5,30390
51,8,167,50,30983
57,20,677,76,66033
39,4,23,46,37284
63,7,92,68,57530
49,16,641,33,76800
58,17,1106,50,63943
52,14,1033,85,76081
40,32,1174,63,67445
47,6,25,89,37054
52,17,240,81,47175
38,4,20,77,31859
53,11,102,50,27215
38,26,1034,10,70179
31,9,156,30,39922
38,21,458,66,49681
26,4,17,16,24645
60,21,792,12,79865
29,8,92,30,44322
62,16,407,8,47958
50,23,1269,93,63972
60,23,841,14,75315
64,23,633,53,55517
57,25,1019,26,75283
68,26,1315,23,82800
60,8,54,92,38998
23,18,2525,29,90638
28,5,52,41,27161
37,20,436,56,42014
54,15,268,19,38201
32,8,147,4,45203
67,18,1798,89,81574
22,8,137,71,34935
38,17,507,81,60482
58,4,15,31,34633
67,17,1105,53,78093
64,15,974,78,82460
48,8,66,80,45903
27,27,778,18,81361
41,6,49,37,35860
62,12,169,52,40442
49,12,299,39,61482
34,17,221,11,34968
27,25,1682,33,75794
52,10,155,22,31497
59,13,892,83,74268
26,5,58,43,13724
49,15,311,74,45143
47,7,95,54,52569
41,19,424,3,48432
54,12,47,96,17144
30,15,339,68,36108
43,21,1410,2,76445
39,6,35,40,36663
49,20,562,64,53843
58,24,2352,26,90226
59,20,1334,69,70638
54,6,32,57,44512
53,7,41,78,27116
51,5,39,71,54072
37,25,1141,59,71855
24,24,710,28,51250
41,19,401,61,60432
50,17,506,22,65526
26,21,1538,95,68655
36,6,57,38,12393
24,19,1722,19,64509
39,15,270,92,33955
37,6,31,24,31353
30,24,882,21,55434
31,4,16,35,28359
27,14,311,9,57100
49,11,227,23,69139
58,31,1152,92,52973
49,8,122,55,51717
43,9,77,14,18793
32,19,1289,78,66664
55,24,561,64,50664
51,13,211,49,54414
62,12,233,8,54549
43,21,1092,35,47111
51,17,601,11,41003
32,10,54,8,19444
38,7,78,53,36301
67,26,1095,36,73059
45,13,244,64,42731
55,9,116,43,52854
36,4,15,40,22775
66,16,425,52,46681
59,26,734,11,59821
60,19,638,21,50002
69,22,894,23,69755
45,7,41,17,44078
38,5,31,6,30560
45,5,34,56,35924
50,18,1750,71,64140
33,25,612,51,56386
35,5,29,94,24594
33,21,823,27,75774
54,4,20,1,39228
40,16,396,56,58494
33,21,813,71,58684
47,20,1179,18,57136
64,10,138,48,56551
32,9,55,86,22448
53,22,1511,48,82014
51,9,117,2,34213
37,28,1730,13,157146
67,6,32,57,25358
36,6,67,77,35544
60,15,335,0,36634
60,22,825,57,62670
42,23,694,24,50334
33,17,1792,55,72066
56,24,496,62,50729
46,13,231,89,34916
38,24,902,77,64892
48,9,68,45,43602
25,6,71,46,33996
29,6,76,80,41473
47,22,772,60,63246
55,9,47,71,36732
44,25,1586,43,69084
47,34,1529,97,77766
29,13,265,49,37929
63,18,1603,66,86610
28,22,2091,20,80141
59,21,981,54,72635
44,34,1533,61,69016
23,7,82,18,20193
39,14,244,45,27573
35,5,36,26,15862
38,16,404,0,49544
34,6,71,28,33228
36,23,1572,49,70440
43,11,122,84,38232
59,10,41,38,22554
31,4,10,53,23536
62,13,304,88,49413
45,5,37,99,42231
34,16,1754,12,78789
46,25,815,35,56534
43,27,1001,5,58350
25,22,1157,77,81217
63,21,688,45,49090
27,19,1319,71,61787
29,4,21,40,18169
33,4,31,82,24336
24,6,67,70,18222
62,21,708,87,62335
43,4,25,95,42033
31,11,746,72,86580
57,5,32,5,41437
63,25,1695,86,73705
38,28,1080,80,61064
59,9,72,62,38452
25,10,57,49,18358
41,25,660,85,55012
41,11,103,7,9722
30,11,153,6,38175
58,32,1220,25,58656
49,13,279,55,52117
36,20,745,81,64813
41,12,264,98,54222
28,22,2157,31,83512
55,23,1526,30,77520
36,6,69,98,41154
48,26,1597,92,80398
22,8,64,41,18746
30,18,497,68,35196
58,17,1067,78,60230
37,7,31,46,22108
40,14,211,71,44392
38,25,877,6,55424
35,4,11,82,17688
31,25,2034,71,92491
23,19,1991,32,90273
52,24,1686,28,82571
32,17,324,20,38513
35,9,69,10,16653
59,16,252,7,42586
49,5,54,67,23529
53,27,964,48,74881
63,28,1327,61,71107
50,7,68,36,46910
55,5,60,77,18690
59,5,55,90,37244
48,21,1456,35,82427
56,18,563,38,75342
60,26,1504,46,70044
47,19,564,33,79146
51,23,1125,70,77437
55,17,358,51,54984
43,5,42,18,42403
50,10,184,97,55761
31,19,460,32,37292
69,8,145,9,45576
67,25,1376,6,70321
45,23,792,80,58086
62,23,1382,74,81795
67,4,28,49,28389
68,24,1033,21,66835
45,23,882,95,69901
65,15,2231,56,80360
53,19,1101,48,63342
40,16,369,26,44989
34,5,48,3,31859
65,19,467,39,51569
43,8,44,33,30372
35,10,38,42,16014
46,9,81,80,41120
43,10,167,9,39763
59,7,45,52,38725
42,21,664,78,77981
50,20,622,68,62905
35,7,48,45,13533
39,16,461,47,59481
37,26,1073,34,72117
28,8,55,81,21955
58,26,976,72,67131
34,5,20,23,36802
32,17,1149,29,71853
53,6,43,80,28249
39,10,224,30,47808
40,9,101,15,25509
68,10,209,86,51012
29,21,968,68,70596
62,17,1165,54,85431
47,5,24,44,42664
59,16,252,7,42586
29,12,165,87,29760
37,13,269,59,28973
41,7,102,16,39435
30,19,461,1,65370
35,7,47,64,20194
38,10,144,72,42473
46,24,1338,98,64590
55,25,917,91,71232
43,17,318,8,34600
47,14,253,20,46904
41,20,502,6,49094
31,7,119,54,36075
35,29,1250,72,60839
35,24,969,46,77298
64,9,76,11,34026
51,7,62,21,48918
52,26,1382,89,82122
38,7,84,82,37697
62,14,255,69,34074
54,5,43,55,28520
59,14,398,13,62535
37,8,76,80,36273
50,15,902,97,63404
33,21,823,27,75774
38,26,1179,99,78416
40,29,1921,87,75702
63,10,185,85,59385
48,23,433,30,37070
63,6,34,82,44689
56,27,907,21,53977
48,25,416,92,7144
50,10,44,95,18701
58,17,1588,2,90369
40,17,1797,74,63159
48,6,40,49,37758
51,21,1143,71,46757
45,14,914,72,79734
22,12,1502,68,63207
60,20,1338,4,72071
31,5,27,80,21840
32,22,763,15,58582
63,22,1331,70,72282
58,19,525,91,50387
53,4,9,10,32583
52,16,953,99,62568
43,7,68,25,44635
43,10,131,34,33316
46,23,882,57,63967
36,25,1149,84,52513
45,5,37,51,25293
49,15,388,97,54111
28,16,1428,13,78394
56,24,1633,92,80739
39,10,173,30,22669
27,9,99,30,29236
55,12,215,11,44911
52,31,929,72,54693
40,12,219,39,48186
37,12,174,0,54809
36,9,92,15,41580
44,25,1052,12,80336
57,14,275,56,47743
59,16,587,39,62972
60,33,1662,55,57333
32,11,159,60,32313
61,18,1024,73,84953
46,7,35,90,27071
57,15,1042,86,68148
49,19,395,37,65735
39,23,557,7,86836
51,15,9,29,4023
24,6,69,19,30093
48,18,486,14,57705
26,6,34,72,25008
19,28,1365,56,83257
39,4,13,85,22280
36,21,1401,62,72159
53,14,1574,1,64260
30,20,1323,28,82733
43,32,1217,70,74290
63,7,103,84,58217
38,7,84,89,21024
42,23,1536,73,70116
29,18,581,42,54006
48,14,928,16,69063
39,4,14,16,11448
35,15,424,56,61825
43,14,960,65,70886
32,20,1555,10,69109
41,29,656,13,60208
46,9,55,78,32889
30,5,20,51,34738
43,17,367,27,30538
37,22,2257,30,82326
47,7,42,71,26642
50,26,1049,97,69932
42,7,48,83,44503
66,25,685,3,60200
62,5,39,71,49638
27,5,43,3,23830
55,21,835,15,33051
56,20,1515,52,72905
63,26,1039,8,69702
39,26,1596,89,70300
30,18,1828,66,70643
45,6,34,22,30396
46,10,149,56,50616
45,23,946,74,62772
29,6,28,48,30298
30,17,450,67,52413
57,5,46,24,44155
43,16,1702,67,86979
39,25,820,38,76532
32,15,382,86,42081
26,20,2126,90,67546
25,20,2069,87,88420
29,7,72,62,31158
46,28,732,23,61671
40,11,801,99,69719
65,12,236,29,49160
36,5,80,52,24882
60,15,1685,90,90933
69,27,277,9,113734
64,18,507,71,59292
50,7,68,13,45759
31,5,49,16,22148
27,15,397,94,73395
43,9,39,77,29819
46,14,306,20,45688
60,14,976,51,62820
43,28,1028,81,60491
28,7,70,71,33235
55,5,46,36,35701
34,5,51,95,31535
54,21,1263,32,92556
44,22,1490,32,67384
43,24,1564,85,80573
47,18,1815,93,77870
51,31,1198,24,52278
46,23,416,44,57107
24,6,85,15,18929
33,8,47,82,36038
38,8,137,27,20180
49,4,21,72,34230
37,6,70,7,31878
42,22,909,57,70932
58,22,1676,84,91249
71,26,1735,53,77598
55,30,1191,48,80982
37,5,24,2,22701
45,20,1182,65,55212
44,14,1280,45,70617
57,19,1336,42,64849
49,24,749,29,62694
40,7,91,83,61917
67,15,414,93,67472
32,9,44,40,21059
46,8,63,47,29543
63,23,901,50,75903
39,6,38,40,34984
58,20,455,3,54998
65,24,775,62,54356
55,4,15,25,34242
41,6,38,48,25410
30,22,1512,56,73356
64,5,43,68,28320
37,5,42,64,23763
30,23,1089,67,72570
38,9,162,94,34529
63,19,1272,82,70792
32,20,1173,3,63211
40,22,816,24,83891
46,9,74,54,36065
60,9,134,20,39898
74,9,157,96,51141
38,18,561,19,56939
63,19,1336,60,80872
38,23,2092,2,72335
50,16,463,13,61798
64,17,1130,37,76842
38,5,20,59,29478
58,18,377,55,46998
24,28,1544,60,96843
64,10,138,48,56551
49,26,1012,38,70053
52,15,1766,8,71670
36,9,45,19,44359
62,10,161,32,40887
48,8,144,27,48877
67,26,1734,58,74485
42,22,823,59,64474
51,28,1138,29,77226
65,21,1429,60,72643
36,21,1371,41,85738
48,16,982,27,55686
31,5,44,28,39062
43,17,318,8,34600
39,16,434,18,40794
43,12,198,76,54690
45,25,359,0,4428
51,18,576,32,32632
46,11,88,2,38236
35,6,63,16,36781
30,4,27,56,31385
30,11,193,97,24570
40,9,101,15,25509
63,21,2211,35,94642
52,8,140,3,58646
39,22,415,49,53201
57,4,22,4,21994
36,16,263,45,57113
23,12,393,37,51373
28,10,147,39,23477
58,16,443,38,58116
51,19,1958,8,72968
43,10,174,89,39791
67,27,2217,47,91712
56,16,1691,75,94472
54,6,25,86,13672
34,21,809,4,96547
39,16,895,73,79205
39,18,484,46,56559
41,18,413,38,32644
34,12,331,73,67506
44,5,25,66,24206
47,4,13,36,28420
44,10,115,29,22979
48,4,16,29,33279
42,9,92,6,46423
37,7,52,97,30368
44,23,1464,61,63684
50,17,441,68,41638
55,12,283,73,68805
48,23,747,90,65814
56,17,1870,81,71964
28,11,165,1,39146
37,24,1941,79,96876
33,27,839,92,34445
56,25,1655,31,68281
39,4,23,46,37284
31,6,66,14,36790
47,8,37,89,27943
63,6,21,31,22263
42,4,22,75,30261
36,9,78,42,28587
32,6,79,53,43815
58,17,265,53,48195
62,19,1175,23,77027
49,28,1305,57,71322
35,8,46,49,32765
49,4,25,6,29672
61,5,46,29,23272
65,26,874,5,49912
29,10,100,98,7500
67,25,930,80,68117
59,23,868,4,67225
38,9,45,70,17649
39,29,1260,32,55914
30,12,414,82,40059
64,15,392,27,60905
37,29,1109,94,75330
63,22,639,23,60689
30,6,79,97,38680
32,24,1665,25,61416
23,18,692,92,49767
44,29,1392,98,83273
33,7,44,19,29009
35,6,50,80,45057
43,21,467,80,37150
44,12,223,79,43020
55,9,158,50,53154
41,28,1211,60,65308
44,14,1575,44,76467
67,22,1208,0,81044
63,5,43,28,32871
39,21,527,35,55801
55,15,932,49,76320
59,8,71,46,36927
61,5,54,97,48794
49,7,129,51,23478
41,27,1615,80,71128
38,26,1034,10,70179
64,25,1088,29,59462
45,25,721,52,51373
45,10,137,74,38361
33,8,47,82,51373
32,17,1244,54,70038
36,7,41,93,42554
40,32,1174,63,67445
63,15,993,92,67046
66,7,100,40,42192
62,17,1680,70,77610
30,9,98,96,31761
35,5,48,81,34350
65,19,519,63,54591
58,20,715,85,71866
45,5,37,51,25293
27,20,653,23,42000
31,21,1455,95,69520
44,19,602,11,64713
37,5,26,42,27889
54,7,102,77,22123
43,10,97,82,51373
60,11,207,83,51373
41,9,176,40,27803
59,15,450,95,51373
54,17,433,32,51651
26,30,1366,48,68487
71,22,1564,75,51373
45,27,1001,24,56796
22,18,961,61,87000
55,23,1518,6,79823
34,8,56,16,30828
43,4,22,39,34109
40,21,400,2,53367
45,4,26,49,22390
38,13,350,31,71322
21,22,1216,58,79244
65,26,874,5,49912
64,5,40,90,48699
39,19,1367,47,80144
58,15,264,25,54252
38,20,2053,60,81929
39,10,1376,67,76068
38,5,45,40,53204
65,27,976,63,67911
30,6,51,1,14796
40,20,1264,89,78128
42,7,75,40,14188
28,7,57,5,20425
52,8,140,3,58646
44,19,497,1,72967
65,13,266,24,48150
53,21,2006,89,82332
59,23,615,48,58275
33,24,1021,31,44953
61,6,22,68,34587
40,7,133,46,43018
60,19,437,92,45736
45,26,1013,80,66476
33,7,57,16,27733
62,27,1038,50,69805
52,22,1573,93,72217
43,4,28,51,25818
38,9,123,24,37509
38,4,13,79,25176
34,10,132,26,43586
58,23,732,86,53230
57,7,66,68,50116
42,24,1631,98,84906
48,18,608,34,61286
28,18,1822,60,82333
49,23,1282,3,65220
40,4,8,65,33590
38,5,43,83,30992
38,20,1931,64,72309
65,0,8,85,156924
34,8,103,69,16005
57,17,1169,48,65487
49,15,395,21,58692
45,15,258,30,40590
44,5,25,39,20587
60,10,185,76,62637
48,11,180,11,29435
40,5,22,26,19346
43,7,44,34,35788
46,12,94,72,36997
57,7,81,13,23539
41,28,798,58,65333
57,19,1334,12,78499
43,5,38,23,29732
54,11,61,33,41275
41,16,300,30,63516
52,8,88,15,42769
56,7,54,25,49572
42,16,1782,4,69209
38,11,68,80,17148
45,15,258,30,40590
38,5,31,6,30560
31,8,66,16,32146
50,13,174,57,41713
39,5,28,9,34176
59,22,731,59,58482
49,12,274,78,59686
50,26,1701,90,60896
34,13,312,74,62994
57,20,414,10,47320
65,23,1565,63,74859
22,6,29,13,15253
40,8,94,98,31560
60,20,1338,4,72071
24,14,1092,94,91172
30,18,1479,91,90000
33,5,54,66,41967
49,18,568,14,69263
44,27,1199,77,65706
39,23,873,41,60934
63,17,1213,21,71965
59,22,731,25,65210
39,19,2043,2,79174
47,17,1893,51,81380
41,19,424,3,48432
43,15,575,32,52914
59,12,257,84,38946
40,9,56,49,26067
42,21,542,69,44325
50,7,125,96,42523
36,9,69,23,26487
57,5,40,18,53233
54,28,1016,8,67716
42,23,907,21,76234
58,24,1566,60,84117
57,17,1169,48,65487
42,7,46,36,25224
31,25,1644,36,89616
43,5,59,63,40851
67,4,17,2,27469
57,25,1853,38,82347
57,22,1528,61,73803
62,10,35,52,8820
40,8,141,25,43322
41,17,546,63,55593
60,20,500,10,50501
39,10,61,65,37085
24,8,106,71,16185
45,26,704,0,57731
41,19,424,3,48432
36,23,849,88,73807
24,6,85,15,18929
46,15,199,80,35893
34,20,1147,17,61014
60,10,54,76,32144
51,5,43,52,14918
51,6,53,28,45146
59,22,521,31,41769
33,18,1623,42,88325
64,7,45,24,38054
19,19,1435,42,80617
38,1,32,12,5305
60,4,16,88,36807
31,7,52,67,28427
66,17,1234,54,82032
36,4,15,40,22775
29,17,415,73,40101
35,18,470,81,58025
32,21,1438,12,75777
35,11,53,7,7500
51,9,51,33,33562
44,22,679,24,57642
46,22,586,55,58554
35,26,653,87,63777
52,19,468,39,57967
36,1,1679,53,51373
42,7,50,9,24434
30,9,84,82,11012
44,27,1049,71,44802
28,4,22,50,26816
37,11,62,23,51373
40,4,30,81,34421
47,18,1341,46,61223
68,22,444,56,64014
33,19,1241,91,56981
58,23,843,8,69245
60,11,172,40,52869
